date,product,quantity,unit_price,total_amount,region,salesperson,customer_id
2025-05-05,Smartphone,1,486.0,486.0,East,Diana Prince,CUST4657
2024-08-22,Smartphone,4,642.41,2569.63,Central,Bob Smith,CUST7912
2024-06-28,Laptop,2,669.98,1339.96,South,Alice Johnson,CUST4257
2025-05-10,Webcam,2,87.1,174.21,West,Eva Martinez,CUST1106
2024-09-01,Mouse,1,46.81,46.81,South,Diana Prince,CUST6514
2024-08-03,Smartphone,1,571.18,571.18,East,Frank Wilson,CUST5333
2024-07-04,Speaker,1,121.74,121.74,West,Bob Smith,CUST5803
2025-04-29,Charger,3,34.63,103.88,East,Diana Prince,CUST2139
2024-07-05,Headphones,2,166.38,332.77,North,Diana Prince,CUST2654
2024-12-23,Monitor,2,294.41,588.82,East,Charlie Brown,CUST7065
2024-12-10,Headphones,1,160.21,160.21,North,Charlie Brown,CUST9751
2024-10-15,Tablet,4,393.96,1575.85,East,Diana Prince,CUST6313
2024-07-10,Headphones,3,169.31,507.92,East,Grace Lee,CUST5386
2024-07-15,Headphones,1,174.79,174.79,Central,Frank Wilson,CUST4483
2025-05-13,Speaker,1,114.99,114.99,West,Charlie Brown,CUST5339
2024-08-22,Headphones,1,164.7,164.7,Central,Eva Martinez,CUST8019
2025-04-06,Mouse,1,47.24,47.24,South,Henry Davis,CUST2489
2024-07-06,Smartphone,2,516.68,1033.36,South,Grace Lee,CUST2040
2024-12-26,Mouse,1,51.92,51.92,West,Eva Martinez,CUST1188
2025-05-26,Smartphone,1,643.61,643.61,Central,Eva Martinez,CUST6573
2024-08-08,Monitor,2,292.17,584.34,West,Alice Johnson,CUST5315
2025-02-23,Tablet,1,401.23,401.23,North,Eva Martinez,CUST9317
2025-04-19,Headphones,1,129.17,129.17,South,Alice Johnson,CUST6310
2025-02-17,Laptop,1,675.8,675.8,East,Eva Martinez,CUST4923
2024-07-11,Headphones,1,172.68,172.68,North,Bob Smith,CUST8962
2024-07-17,Webcam,3,99.57,298.71,South,Henry Davis,CUST3705
2024-10-25,Webcam,1,103.41,103.41,West,Diana Prince,CUST9835
2025-05-31,Headphones,2,162.78,325.55,West,Frank Wilson,CUST8177
2025-03-03,Speaker,2,101.81,203.62,South,Bob Smith,CUST6539
2024-06-22,Charger,1,30.65,30.65,Central,Diana Prince,CUST1117
2024-07-18,Laptop,2,713.26,1426.52,North,Frank Wilson,CUST2160
2025-03-02,Headphones,1,136.71,136.71,West,Diana Prince,CUST9834
2024-08-18,Charger,1,30.91,30.91,South,Henry Davis,CUST7669
2024-09-17,Smartphone,4,503.26,2315.01,West,Frank Wilson,CUST7939
2025-01-08,Speaker,4,137.46,549.86,North,Bob Smith,CUST1993
2025-01-04,Keyboard,3,89.62,268.86,North,Diana Prince,CUST4139
2024-09-17,Webcam,1,88.15,88.15,West,Charlie Brown,CUST5563
2025-02-03,Headphones,1,172.47,172.47,North,Henry Davis,CUST2604
2024-07-07,Webcam,2,102.1,204.19,North,Diana Prince,CUST3724
2025-01-06,Speaker,1,119.11,119.11,West,Alice Johnson,CUST3697
2024-12-23,Laptop,1,955.3,1146.36,East,Henry Davis,CUST5673
2025-01-14,Webcam,1,95.83,95.83,West,Charlie Brown,CUST4111
2024-11-10,Headphones,1,178.12,178.12,Central,Alice Johnson,CUST6138
2024-07-11,Laptop,4,826.94,3307.75,Central,Charlie Brown,CUST1931
2025-02-27,Smartphone,1,684.32,684.32,North,Bob Smith,CUST4853
2025-01-04,Smartphone,2,705.98,1411.97,Central,Diana Prince,CUST1651
2025-04-25,Smartphone,1,580.61,580.61,Central,Frank Wilson,CUST5272
2024-09-24,Keyboard,2,71.64,143.28,West,Charlie Brown,CUST5915
2025-02-01,Keyboard,2,93.73,187.46,North,Alice Johnson,CUST8508
2025-04-26,Charger,1,35.95,35.95,North,Diana Prince,CUST9288
2024-10-25,Tablet,4,469.32,1877.29,North,Diana Prince,CUST7054
2024-11-04,Tablet,3,390.11,1404.39,Central,Eva Martinez,CUST9666
2024-06-16,Webcam,4,82.78,331.11,North,Charlie Brown,CUST5333
2024-08-10,Smartphone,3,658.18,1974.54,South,Eva Martinez,CUST5616
2025-04-17,Headphones,2,163.06,326.11,South,Eva Martinez,CUST9280
2025-02-17,Monitor,4,348.64,1394.56,North,Bob Smith,CUST7939
2024-10-31,Laptop,1,641.13,641.13,South,Eva Martinez,CUST3647
2025-01-24,Webcam,1,97.4,97.4,Central,Alice Johnson,CUST2832
2024-07-20,Tablet,1,407.29,407.29,East,Charlie Brown,CUST8041
2024-08-16,Laptop,1,738.64,738.64,North,Frank Wilson,CUST4441
2025-05-27,Headphones,1,160.02,160.02,East,Grace Lee,CUST3532
2024-10-11,Tablet,1,476.19,476.19,South,Grace Lee,CUST1406
2024-09-11,Keyboard,3,89.04,267.11,West,Diana Prince,CUST5371
2024-09-01,Smartphone,1,571.81,657.58,North,Henry Davis,CUST4644
2024-09-22,Speaker,1,112.78,112.78,South,Diana Prince,CUST1387
2025-05-15,Headphones,2,143.91,287.82,East,Bob Smith,CUST5573
2024-12-08,Webcam,1,86.39,86.39,Central,Frank Wilson,CUST1452
2024-08-10,Monitor,3,261.43,784.28,East,Alice Johnson,CUST2776
2025-04-13,Mouse,1,46.91,46.91,East,Grace Lee,CUST9379
2024-08-10,Mouse,5,57.99,289.95,South,Eva Martinez,CUST1727
2025-06-09,Mouse,3,40.03,120.1,Central,Diana Prince,CUST6967
2025-01-18,Smartphone,1,707.73,707.73,East,Frank Wilson,CUST3041
2024-11-12,Webcam,1,83.13,83.13,West,Frank Wilson,CUST7592
2025-06-03,Monitor,3,306.53,919.59,South,Grace Lee,CUST7211
2025-05-24,Tablet,2,418.48,836.96,East,Grace Lee,CUST9977
2024-06-12,Monitor,2,274.43,548.86,West,Frank Wilson,CUST8618
2025-01-24,Speaker,3,128.43,385.29,Central,Henry Davis,CUST3780
2025-05-15,Smartphone,1,548.11,548.11,Central,Frank Wilson,CUST2530
2024-10-10,Monitor,1,266.96,266.96,South,Charlie Brown,CUST1400
2024-07-05,Headphones,1,179.04,179.04,Central,Bob Smith,CUST8461
2025-01-10,Charger,3,26.33,79.0,West,Henry Davis,CUST7547
2024-10-14,Tablet,2,424.97,849.94,North,Bob Smith,CUST7965
2024-10-02,Tablet,1,448.66,448.66,Central,Henry Davis,CUST1822
2025-03-24,Headphones,1,175.05,175.05,North,Henry Davis,CUST3184
2025-02-04,Webcam,1,107.56,107.56,Central,Frank Wilson,CUST8251
2025-04-21,Webcam,1,87.36,87.36,Central,Henry Davis,CUST3607
2025-02-10,Speaker,2,108.44,216.88,South,Eva Martinez,CUST9540
2025-02-15,Headphones,2,136.48,272.95,North,Eva Martinez,CUST4841
2024-10-29,Keyboard,3,74.23,222.69,Central,Bob Smith,CUST3267
2024-08-28,Headphones,1,142.98,142.98,South,Diana Prince,CUST2052
2025-01-10,Mouse,1,46.62,46.62,West,Grace Lee,CUST2020
2024-09-25,Mouse,2,47.79,95.58,Central,Alice Johnson,CUST7232
2025-02-11,Laptop,3,941.68,2825.03,East,Grace Lee,CUST7865
2025-03-14,Webcam,2,100.8,201.59,South,Henry Davis,CUST4595
2024-10-29,Mouse,3,49.71,149.14,West,Frank Wilson,CUST7624
2024-09-04,Speaker,1,140.14,140.14,Central,Alice Johnson,CUST7455
2025-04-11,Charger,2,31.96,63.91,North,Grace Lee,CUST3223
2025-02-03,Tablet,1,328.05,328.05,West,Frank Wilson,CUST4467
2025-01-30,Keyboard,1,74.8,74.8,West,Eva Martinez,CUST7906
2024-10-19,Smartphone,1,592.87,681.8,Central,Alice Johnson,CUST6733
2024-10-04,Smartphone,1,667.5,767.62,North,Alice Johnson,CUST5051
2024-09-22,Laptop,2,838.83,1677.65,South,Charlie Brown,CUST8758
2025-05-20,Smartphone,1,615.35,615.35,South,Henry Davis,CUST5198
2024-12-17,Tablet,2,416.94,1000.66,North,Charlie Brown,CUST6096
2024-08-06,Charger,4,24.31,97.23,East,Grace Lee,CUST7498
2024-09-21,Smartphone,1,622.1,715.42,South,Bob Smith,CUST5941
2025-05-28,Charger,1,33.67,33.67,Central,Alice Johnson,CUST6688
2025-03-11,Mouse,3,53.23,159.69,North,Frank Wilson,CUST1207
2025-01-13,Speaker,1,101.07,101.07,East,Henry Davis,CUST3506
2025-01-20,Tablet,1,437.41,524.89,East,Henry Davis,CUST8616
2025-01-21,Charger,1,27.22,27.22,South,Bob Smith,CUST5569
2025-01-28,Headphones,1,165.03,165.03,Central,Grace Lee,CUST6511
2024-06-26,Speaker,4,136.85,547.38,South,Henry Davis,CUST4475
2024-12-10,Monitor,3,280.84,842.52,Central,Eva Martinez,CUST1166
2025-03-03,Headphones,2,125.14,250.27,West,Henry Davis,CUST4937
2025-05-31,Speaker,3,127.0,381.01,West,Henry Davis,CUST1282
2024-07-29,Monitor,3,266.59,799.77,South,Eva Martinez,CUST7046
2025-02-09,Webcam,1,91.11,91.11,West,Frank Wilson,CUST6764
2025-06-06,Speaker,3,109.0,327.01,East,Diana Prince,CUST2976
2024-09-18,Keyboard,2,67.83,135.65,Central,Charlie Brown,CUST4138
2024-09-30,Speaker,3,109.27,327.82,Central,Eva Martinez,CUST2647
2024-09-19,Monitor,3,267.3,801.89,South,Eva Martinez,CUST1231
2025-06-09,Webcam,1,76.56,76.56,North,Alice Johnson,CUST5786
2025-06-04,Tablet,1,422.06,422.06,West,Bob Smith,CUST1200
2025-04-01,Monitor,1,296.33,296.33,West,Frank Wilson,CUST4020
2024-07-08,Monitor,1,352.93,352.93,West,Bob Smith,CUST2070
2025-01-03,Speaker,3,99.56,298.67,North,Charlie Brown,CUST3444
2025-03-27,Monitor,3,250.22,750.67,South,Bob Smith,CUST7818
2025-04-18,Charger,1,33.49,33.49,South,Grace Lee,CUST8381
2025-01-24,Monitor,2,343.22,686.44,West,Eva Martinez,CUST1986
2025-04-20,Smartphone,1,707.42,707.42,South,Diana Prince,CUST5335
2025-05-16,Smartphone,1,517.69,517.69,South,Bob Smith,CUST3564
2024-06-13,Mouse,1,49.01,49.01,Central,Henry Davis,CUST5771
2024-06-28,Headphones,1,137.29,137.29,East,Henry Davis,CUST2166
2025-05-29,Headphones,4,175.43,701.74,Central,Diana Prince,CUST7965
2024-08-09,Webcam,1,80.09,80.09,South,Eva Martinez,CUST3330
2024-07-18,Laptop,2,693.1,1386.19,East,Eva Martinez,CUST8195
2024-08-14,Speaker,2,129.06,258.11,West,Eva Martinez,CUST9199
2025-03-15,Speaker,1,117.01,117.01,Central,Alice Johnson,CUST8078
2024-11-24,Charger,5,27.0,135.02,North,Diana Prince,CUST1339
2025-05-22,Monitor,4,309.15,1236.6,South,Henry Davis,CUST9502
2025-05-11,Speaker,1,139.97,139.97,South,Grace Lee,CUST9056
2024-07-28,Speaker,1,112.7,112.7,East,Frank Wilson,CUST2713
2024-09-02,Keyboard,1,77.17,77.17,West,Eva Martinez,CUST7561
2025-03-20,Laptop,1,785.54,785.54,East,Eva Martinez,CUST6296
2024-08-10,Mouse,1,57.3,57.3,North,Henry Davis,CUST7770
2024-07-09,Headphones,2,151.11,302.21,Central,Henry Davis,CUST8242
2024-07-08,Headphones,2,136.02,272.05,South,Eva Martinez,CUST8178
2025-06-04,Speaker,1,101.83,101.83,Central,Diana Prince,CUST3594
2024-11-18,Webcam,1,72.49,72.49,West,Bob Smith,CUST4681
2024-08-09,Speaker,4,141.46,565.84,South,Henry Davis,CUST5781
2025-02-27,Monitor,1,289.86,289.86,West,Henry Davis,CUST4993
2025-01-31,Webcam,1,77.21,77.21,South,Charlie Brown,CUST2143
2024-10-31,Mouse,1,46.8,46.8,Central,Eva Martinez,CUST1042
2024-11-03,Monitor,5,340.5,1702.49,Central,Henry Davis,CUST3434
2025-01-26,Webcam,1,89.44,89.44,East,Grace Lee,CUST8460
2024-11-23,Headphones,2,178.85,357.69,South,Grace Lee,CUST4826
2025-01-08,Laptop,3,741.82,2670.54,West,Grace Lee,CUST7325
2025-05-17,Tablet,1,399.25,399.25,North,Charlie Brown,CUST9229
2025-04-10,Keyboard,2,91.83,183.66,West,Bob Smith,CUST9617
2025-01-31,Laptop,1,871.18,1045.42,West,Charlie Brown,CUST2225
2025-02-07,Monitor,2,280.63,561.25,West,Bob Smith,CUST6383
2025-05-23,Webcam,2,85.68,171.36,East,Henry Davis,CUST9864
2024-06-30,Charger,2,24.82,49.64,East,Diana Prince,CUST2480
2025-01-20,Smartphone,1,662.49,662.49,North,Henry Davis,CUST3725
2025-06-02,Monitor,3,348.41,1045.23,North,Frank Wilson,CUST1919
2024-11-09,Keyboard,1,75.99,75.99,South,Diana Prince,CUST9702
2025-01-08,Charger,1,32.18,32.18,South,Charlie Brown,CUST3868
2024-07-22,Charger,1,34.45,34.45,Central,Diana Prince,CUST9153
2025-04-06,Tablet,2,357.15,714.3,East,Henry Davis,CUST5183
2025-05-19,Laptop,2,927.65,1855.3,West,Eva Martinez,CUST9955
2024-08-31,Smartphone,1,586.02,586.02,East,Eva Martinez,CUST7951
2025-05-31,Monitor,2,294.82,589.64,East,Diana Prince,CUST7302
2025-02-14,Smartphone,1,536.93,536.93,Central,Frank Wilson,CUST5847
2025-06-05,Monitor,2,242.63,485.27,West,Eva Martinez,CUST1132
2025-03-28,Laptop,1,931.4,931.4,West,Eva Martinez,CUST4770
2025-04-18,Keyboard,2,71.01,142.02,South,Eva Martinez,CUST3240
2025-04-29,Smartphone,1,696.82,696.82,North,Eva Martinez,CUST8222
2024-06-29,Charger,4,28.38,113.51,South,Bob Smith,CUST5835
2024-11-26,Mouse,1,43.51,43.51,South,Frank Wilson,CUST9697
2025-02-23,Monitor,1,339.66,339.66,East,Henry Davis,CUST5835
2024-12-02,Smartphone,1,592.4,592.4,North,Charlie Brown,CUST4696
2025-05-24,Mouse,4,59.35,237.38,Central,Frank Wilson,CUST2479
2024-12-31,Laptop,3,724.63,2608.66,North,Henry Davis,CUST7038
2025-05-22,Monitor,1,310.15,310.15,East,Bob Smith,CUST4830
2025-02-08,Laptop,2,838.25,1676.51,Central,Frank Wilson,CUST4626
2025-05-09,Smartphone,3,632.5,1897.49,West,Eva Martinez,CUST7689
2024-08-10,Tablet,2,327.26,654.51,North,Eva Martinez,CUST9071
2024-08-10,Smartphone,2,536.35,1072.7,Central,Charlie Brown,CUST7367
2025-01-30,Keyboard,1,85.46,85.46,Central,Grace Lee,CUST3531
2025-01-10,Smartphone,1,680.09,680.09,Central,Grace Lee,CUST5583
2024-06-28,Keyboard,3,70.95,212.86,West,Diana Prince,CUST6942
2024-08-01,Keyboard,4,81.42,325.69,East,Alice Johnson,CUST7523
2024-10-31,Headphones,2,178.09,356.18,West,Bob Smith,CUST4475
2025-05-06,Charger,1,35.65,35.65,North,Frank Wilson,CUST4990
2024-08-15,Charger,1,26.46,26.46,Central,Diana Prince,CUST4538
2024-10-09,Keyboard,2,88.78,177.56,Central,Alice Johnson,CUST5542
2024-08-25,Tablet,3,406.43,1219.3,South,Bob Smith,CUST1422
2024-08-18,Laptop,3,754.64,2263.91,South,Frank Wilson,CUST1258
2024-09-09,Monitor,3,246.29,738.86,West,Bob Smith,CUST2041
2025-02-10,Speaker,2,133.34,266.69,Central,Bob Smith,CUST8405
2025-02-24,Headphones,1,176.72,176.72,North,Eva Martinez,CUST8504
2025-05-07,Laptop,1,659.46,659.46,West,Grace Lee,CUST7984
2025-05-29,Smartphone,3,597.66,1792.99,West,Bob Smith,CUST2323
2024-11-23,Charger,2,25.78,51.56,South,Eva Martinez,CUST9984
2025-06-11,Keyboard,1,76.19,76.19,Central,Eva Martinez,CUST8433
2025-02-25,Charger,1,29.16,29.16,North,Diana Prince,CUST8046
2025-01-29,Headphones,2,144.83,289.66,West,Grace Lee,CUST7815
2024-07-30,Keyboard,1,77.66,77.66,East,Frank Wilson,CUST3500
2025-05-29,Speaker,1,99.22,99.22,North,Bob Smith,CUST8075
2024-07-31,Keyboard,2,89.98,179.95,Central,Alice Johnson,CUST6400
2025-05-21,Smartphone,2,578.59,1157.19,West,Alice Johnson,CUST5712
2025-04-15,Monitor,2,282.2,564.4,Central,Diana Prince,CUST3535
2025-05-14,Speaker,1,106.76,106.76,North,Frank Wilson,CUST7022
2024-08-09,Monitor,2,308.89,617.78,West,Alice Johnson,CUST5381
2024-06-26,Tablet,1,363.72,363.72,East,Frank Wilson,CUST6751
2024-06-15,Tablet,1,459.18,459.18,Central,Grace Lee,CUST2140
2024-08-23,Laptop,2,669.36,1338.72,Central,Diana Prince,CUST7163
2025-01-12,Speaker,2,112.36,224.73,East,Eva Martinez,CUST6314
2025-03-29,Charger,3,25.02,75.06,North,Charlie Brown,CUST3579
2025-04-24,Laptop,2,855.67,1711.34,East,Henry Davis,CUST7947
2025-02-15,Charger,2,29.3,58.61,East,Diana Prince,CUST9394
2024-08-09,Keyboard,1,77.76,77.76,East,Henry Davis,CUST9633
2025-05-19,Monitor,1,245.45,245.45,West,Alice Johnson,CUST1125
2024-09-24,Monitor,1,353.44,353.44,South,Eva Martinez,CUST5742
2024-11-26,Smartphone,1,481.86,481.86,West,Charlie Brown,CUST3116
2024-12-23,Webcam,5,97.33,486.66,Central,Frank Wilson,CUST2180
2025-01-01,Laptop,1,779.59,935.51,West,Bob Smith,CUST6129
2025-04-02,Mouse,3,51.47,154.4,West,Eva Martinez,CUST2887
2025-01-05,Laptop,2,949.18,2278.04,South,Henry Davis,CUST6928
2024-07-27,Mouse,3,56.89,170.67,South,Grace Lee,CUST7560
2025-03-07,Smartphone,2,574.98,1149.97,East,Frank Wilson,CUST4630
2024-11-29,Tablet,2,332.22,797.33,North,Diana Prince,CUST6724
2024-12-08,Tablet,1,357.8,429.36,South,Eva Martinez,CUST4232
2024-09-08,Charger,1,25.83,25.83,North,Charlie Brown,CUST9095
2025-02-04,Charger,2,33.12,66.24,West,Frank Wilson,CUST6179
2024-08-28,Speaker,1,99.28,99.28,West,Eva Martinez,CUST5500
2025-04-10,Laptop,1,752.62,752.62,North,Eva Martinez,CUST8565
2025-01-29,Laptop,2,658.2,1579.69,East,Bob Smith,CUST2479
2025-04-22,Charger,1,30.08,30.08,West,Alice Johnson,CUST8368
2025-03-31,Headphones,4,139.29,557.17,West,Charlie Brown,CUST2013
2025-01-28,Smartphone,4,674.63,2698.53,East,Bob Smith,CUST9266
2025-05-08,Tablet,4,326.26,1305.05,West,Henry Davis,CUST9586
2025-03-06,Charger,1,25.9,25.9,East,Eva Martinez,CUST7347
2025-01-07,Keyboard,1,85.72,85.72,North,Frank Wilson,CUST2079
2024-11-27,Smartphone,4,613.91,2455.64,West,Eva Martinez,CUST5128
2025-05-14,Charger,1,34.48,34.48,East,Bob Smith,CUST3317
2024-12-08,Monitor,4,356.12,1424.49,West,Charlie Brown,CUST2388
2024-11-17,Webcam,4,85.56,342.24,East,Charlie Brown,CUST9624
2024-07-29,Mouse,3,50.17,150.51,North,Frank Wilson,CUST6060
2024-09-12,Headphones,1,140.5,140.5,West,Diana Prince,CUST4711
2024-08-21,Tablet,1,332.35,332.35,North,Alice Johnson,CUST6517
2025-04-24,Tablet,3,415.56,1246.68,South,Charlie Brown,CUST3962
2025-06-01,Charger,1,33.71,33.71,South,Henry Davis,CUST1715
2025-01-08,Keyboard,1,85.64,85.64,South,Henry Davis,CUST5668
2025-01-27,Headphones,2,152.04,304.08,East,Henry Davis,CUST4178
2024-12-17,Charger,4,35.81,143.25,West,Eva Martinez,CUST7256
2025-02-24,Webcam,2,87.07,174.14,South,Diana Prince,CUST3267
2024-10-18,Laptop,2,845.18,1690.35,East,Bob Smith,CUST9452
2024-08-14,Monitor,1,250.07,250.07,South,Eva Martinez,CUST8361
2025-03-01,Tablet,2,452.97,905.93,North,Diana Prince,CUST8391
2024-12-07,Laptop,5,772.77,4636.6,West,Frank Wilson,CUST4862
2024-12-26,Smartphone,1,569.98,569.98,North,Frank Wilson,CUST2623
2025-06-12,Keyboard,2,89.32,178.65,South,Alice Johnson,CUST5700
2025-02-08,Tablet,3,441.41,1324.24,West,Henry Davis,CUST1086
2024-07-22,Laptop,2,721.9,1443.79,South,Grace Lee,CUST2821
2024-11-06,Headphones,2,138.07,276.14,North,Diana Prince,CUST7878
2025-05-05,Charger,2,29.49,58.97,North,Henry Davis,CUST9782
2024-06-20,Webcam,1,92.7,92.7,South,Eva Martinez,CUST8032
2024-06-12,Charger,1,28.23,28.23,Central,Grace Lee,CUST4068
2025-05-18,Smartphone,3,605.64,1816.91,East,Bob Smith,CUST9618
2025-03-17,Webcam,3,100.31,300.93,Central,Alice Johnson,CUST7397
2025-02-07,Laptop,3,843.41,2530.24,East,Eva Martinez,CUST1266
2024-12-11,Smartphone,4,562.75,2251.01,North,Frank Wilson,CUST3185
2024-07-04,Keyboard,2,81.47,162.94,South,Henry Davis,CUST8840
2025-05-01,Tablet,2,449.84,899.68,North,Henry Davis,CUST1605
2024-11-09,Headphones,3,122.63,367.89,South,Alice Johnson,CUST6170
2024-11-17,Webcam,2,86.34,172.67,Central,Henry Davis,CUST5150
2024-06-30,Headphones,2,137.17,274.33,North,Frank Wilson,CUST5476
2024-08-14,Keyboard,3,77.98,233.95,West,Henry Davis,CUST7334
2024-12-02,Tablet,3,399.39,1437.81,West,Frank Wilson,CUST9507
2024-10-26,Smartphone,1,654.5,752.67,North,Grace Lee,CUST3956
2025-03-18,Monitor,1,278.55,278.55,North,Frank Wilson,CUST5843
2024-11-15,Speaker,1,124.93,124.93,West,Charlie Brown,CUST8272
2024-12-08,Speaker,2,98.03,196.07,East,Grace Lee,CUST5498
2025-05-05,Laptop,1,664.01,664.01,West,Frank Wilson,CUST9406
2025-05-25,Tablet,1,472.45,472.45,South,Henry Davis,CUST1570
2024-08-15,Smartphone,2,536.64,1073.28,East,Frank Wilson,CUST7272
2025-03-29,Laptop,1,833.63,833.63,West,Frank Wilson,CUST7095
2025-01-25,Smartphone,2,617.74,1235.48,Central,Frank Wilson,CUST7521
2024-11-19,Monitor,1,269.95,269.95,North,Alice Johnson,CUST4048
2025-02-22,Webcam,1,85.93,85.93,Central,Bob Smith,CUST5288
2024-10-23,Speaker,3,106.3,318.9,Central,Eva Martinez,CUST9047
2024-09-22,Smartphone,1,512.57,589.46,North,Henry Davis,CUST3828
2025-06-12,Speaker,1,143.87,143.87,East,Frank Wilson,CUST2063
2025-03-20,Webcam,2,82.45,164.91,East,Charlie Brown,CUST3852
2024-12-14,Webcam,3,80.07,240.22,South,Charlie Brown,CUST4878
2025-02-19,Laptop,1,755.49,755.49,Central,Frank Wilson,CUST8657
2025-03-21,Tablet,2,417.91,835.82,North,Bob Smith,CUST6067
2025-01-01,Speaker,1,121.23,121.23,West,Bob Smith,CUST3053
2024-11-21,Smartphone,1,587.99,587.99,Central,Frank Wilson,CUST3102
2025-03-21,Charger,2,26.18,52.37,South,Grace Lee,CUST9238
2024-07-10,Smartphone,2,604.34,1208.69,East,Charlie Brown,CUST3653
2024-11-24,Headphones,2,140.76,281.52,Central,Eva Martinez,CUST2292
2024-10-18,Headphones,2,158.1,316.21,Central,Eva Martinez,CUST3050
2025-04-28,Monitor,5,313.73,1568.66,North,Charlie Brown,CUST3526
2024-09-07,Charger,2,32.65,65.3,Central,Frank Wilson,CUST1674
2024-06-26,Smartphone,1,490.91,490.91,Central,Eva Martinez,CUST4453
2025-03-31,Mouse,3,52.36,157.09,North,Henry Davis,CUST9938
2024-11-07,Monitor,1,297.95,297.95,West,Eva Martinez,CUST8430
2024-07-19,Laptop,1,690.59,690.59,West,Henry Davis,CUST8609
2024-09-24,Keyboard,1,83.41,83.41,East,Frank Wilson,CUST6658
2025-01-02,Tablet,1,441.71,530.05,Central,Bob Smith,CUST6228
2024-10-13,Speaker,4,101.88,407.52,West,Diana Prince,CUST3308
2024-07-31,Laptop,3,732.87,2198.6,West,Grace Lee,CUST5067
2024-09-01,Keyboard,2,93.88,187.76,East,Diana Prince,CUST3610
2025-02-22,Webcam,1,88.81,88.81,East,Henry Davis,CUST1379
2024-07-28,Mouse,1,50.11,50.11,South,Diana Prince,CUST6781
2024-07-06,Laptop,1,730.03,730.03,Central,Henry Davis,CUST5681
2025-03-13,Laptop,1,911.1,911.1,West,Charlie Brown,CUST5333
2024-12-16,Mouse,2,47.32,94.64,West,Alice Johnson,CUST4189
2024-12-14,Webcam,2,82.39,164.78,West,Henry Davis,CUST5582
2025-04-27,Charger,2,25.43,50.85,North,Grace Lee,CUST7114
2024-12-02,Webcam,1,105.8,105.8,South,Diana Prince,CUST9341
2025-01-03,Webcam,4,73.45,293.8,North,Charlie Brown,CUST6456
2025-02-09,Webcam,2,88.45,176.9,Central,Charlie Brown,CUST6373
2025-04-21,Keyboard,2,69.2,138.4,Central,Eva Martinez,CUST6511
2025-02-26,Webcam,2,91.16,182.33,Central,Eva Martinez,CUST8780
2024-06-20,Keyboard,1,74.6,74.6,North,Grace Lee,CUST6040
2025-05-30,Laptop,1,831.01,831.01,East,Diana Prince,CUST1841
2025-04-06,Speaker,1,104.18,104.18,Central,Grace Lee,CUST3421
2025-05-26,Headphones,3,121.89,365.68,North,Diana Prince,CUST1310
2025-01-23,Keyboard,1,77.4,77.4,West,Diana Prince,CUST7723
2025-02-23,Charger,1,35.05,35.05,North,Charlie Brown,CUST9498
2024-09-26,Webcam,1,83.7,83.7,West,Grace Lee,CUST6140
2024-09-08,Speaker,1,139.78,139.78,East,Frank Wilson,CUST5331
2025-04-20,Speaker,3,105.23,315.69,South,Eva Martinez,CUST5890
2024-10-05,Monitor,2,332.54,665.08,South,Henry Davis,CUST6194
2025-02-12,Keyboard,1,81.94,81.94,East,Eva Martinez,CUST2996
2025-04-01,Webcam,1,85.67,85.67,West,Frank Wilson,CUST3399
2024-11-07,Laptop,1,732.04,878.45,North,Frank Wilson,CUST8247
2025-05-13,Monitor,1,329.68,329.68,South,Diana Prince,CUST9824
2024-10-28,Webcam,1,97.06,97.06,South,Bob Smith,CUST4920
2024-10-14,Laptop,1,854.35,854.35,Central,Diana Prince,CUST4814
2024-07-08,Smartphone,1,579.19,579.19,West,Bob Smith,CUST3252
2024-06-14,Webcam,2,107.2,214.41,South,Grace Lee,CUST8793
2025-02-11,Headphones,2,165.35,330.71,East,Frank Wilson,CUST5676
2025-05-08,Laptop,1,930.54,930.54,North,Diana Prince,CUST9767
2024-07-01,Tablet,1,386.86,386.86,South,Alice Johnson,CUST7504
2025-02-20,Tablet,2,469.86,939.71,East,Alice Johnson,CUST1151
2024-11-11,Charger,2,31.23,62.47,East,Eva Martinez,CUST8444
2025-05-06,Webcam,3,90.88,272.63,South,Henry Davis,CUST5470
2024-09-18,Smartphone,2,559.36,1286.54,West,Eva Martinez,CUST4050
2024-06-19,Keyboard,1,89.3,89.3,Central,Diana Prince,CUST3875
2025-04-20,Mouse,1,56.54,56.54,Central,Frank Wilson,CUST2421
2025-01-03,Smartphone,2,524.35,1048.69,South,Henry Davis,CUST6301
2024-10-17,Laptop,1,723.45,723.45,South,Henry Davis,CUST5374
2024-11-27,Monitor,2,309.9,619.79,Central,Alice Johnson,CUST5285
2025-05-12,Keyboard,4,86.17,344.67,North,Bob Smith,CUST8625
2024-11-16,Tablet,2,384.87,923.68,Central,Eva Martinez,CUST2923
2025-05-05,Monitor,1,284.11,284.11,South,Diana Prince,CUST3188
2025-02-11,Tablet,2,392.8,785.59,Central,Frank Wilson,CUST7813
2025-06-06,Webcam,1,104.86,104.86,Central,Diana Prince,CUST5054
2025-05-26,Charger,2,34.48,68.96,North,Henry Davis,CUST9653
2025-06-07,Keyboard,4,66.5,266.0,Central,Bob Smith,CUST2011
2025-03-19,Webcam,1,79.28,79.28,Central,Charlie Brown,CUST3695
2024-11-26,Webcam,4,87.91,351.63,South,Henry Davis,CUST2489
2025-02-28,Speaker,4,134.82,539.27,West,Charlie Brown,CUST9409
2025-01-10,Speaker,1,123.07,123.07,Central,Henry Davis,CUST6049
2024-06-23,Mouse,1,45.09,45.09,North,Diana Prince,CUST2196
2024-07-05,Mouse,1,46.89,46.89,North,Alice Johnson,CUST2130
2025-02-08,Laptop,1,731.87,731.87,South,Charlie Brown,CUST7887
2024-12-20,Mouse,1,48.97,48.97,West,Grace Lee,CUST2314
2025-05-27,Webcam,2,76.79,153.58,East,Bob Smith,CUST3924
2025-03-14,Mouse,1,50.58,50.58,South,Alice Johnson,CUST1372
2024-11-11,Speaker,1,128.33,128.33,Central,Grace Lee,CUST9715
2024-12-23,Headphones,3,134.85,404.55,East,Charlie Brown,CUST5516
2024-09-16,Smartphone,1,487.73,560.89,West,Alice Johnson,CUST4943
2024-09-25,Smartphone,3,504.22,1739.54,North,Henry Davis,CUST1797
2024-10-15,Laptop,1,768.72,768.72,South,Diana Prince,CUST1924
2024-08-22,Webcam,1,107.77,107.77,South,Frank Wilson,CUST6253
2024-10-11,Monitor,2,345.15,690.3,Central,Diana Prince,CUST7775
2024-11-12,Monitor,2,247.31,494.63,Central,Charlie Brown,CUST7999
2025-03-23,Speaker,3,98.25,294.75,East,Grace Lee,CUST9592
2024-11-22,Mouse,2,48.17,96.33,East,Grace Lee,CUST4012
2025-03-14,Speaker,3,107.57,322.7,South,Eva Martinez,CUST3365
2025-02-04,Laptop,1,819.96,819.96,West,Charlie Brown,CUST7363
2024-10-14,Monitor,1,264.4,264.4,North,Henry Davis,CUST7079
2024-07-29,Webcam,3,98.09,294.26,South,Alice Johnson,CUST5398
2024-12-22,Charger,3,31.24,93.71,North,Diana Prince,CUST4555
2025-02-12,Headphones,5,172.17,860.84,East,Eva Martinez,CUST1251
2024-09-28,Headphones,1,177.72,177.72,North,Henry Davis,CUST4974
2025-06-03,Charger,1,32.45,32.45,West,Diana Prince,CUST6269
2024-11-03,Mouse,3,49.33,147.98,East,Eva Martinez,CUST5285
2024-12-13,Webcam,1,103.78,103.78,West,Bob Smith,CUST8692
2024-11-22,Headphones,4,142.24,568.97,West,Alice Johnson,CUST4625
2024-08-25,Laptop,3,723.45,2170.34,Central,Grace Lee,CUST5836
2024-08-29,Headphones,1,139.79,139.79,West,Diana Prince,CUST9180
2025-03-20,Keyboard,3,72.23,216.7,West,Henry Davis,CUST8550
2024-09-06,Keyboard,3,69.42,208.25,Central,Henry Davis,CUST4015
2025-03-16,Laptop,1,807.66,807.66,North,Alice Johnson,CUST1104
2025-01-09,Tablet,4,454.81,2183.07,South,Bob Smith,CUST3474
2024-06-16,Headphones,2,150.34,300.69,East,Alice Johnson,CUST8916
2025-05-15,Speaker,3,96.76,290.27,Central,Grace Lee,CUST1194
2024-06-20,Webcam,1,98.0,98.0,Central,Eva Martinez,CUST1280
2025-02-24,Mouse,3,56.12,168.37,South,Bob Smith,CUST2578
2025-03-07,Tablet,1,358.56,358.56,Central,Eva Martinez,CUST6807
2024-10-26,Mouse,1,41.58,41.58,West,Henry Davis,CUST4984
2025-06-03,Headphones,4,138.0,551.99,North,Alice Johnson,CUST2531
2025-01-05,Mouse,1,47.54,47.54,West,Alice Johnson,CUST1154
2025-06-06,Tablet,1,333.23,333.23,West,Frank Wilson,CUST2562
2025-03-09,Laptop,4,713.53,2854.1,Central,Henry Davis,CUST5441
2024-07-05,Smartphone,4,644.26,2577.05,East,Alice Johnson,CUST3938
2024-11-20,Laptop,2,947.67,2274.41,Central,Charlie Brown,CUST7525
2024-07-21,Monitor,2,259.49,518.99,South,Grace Lee,CUST9856
2024-11-28,Mouse,1,55.11,55.11,South,Bob Smith,CUST9204
2024-12-06,Laptop,1,671.26,805.51,South,Bob Smith,CUST6580
2025-04-17,Charger,1,35.46,35.46,West,Frank Wilson,CUST1485
2025-05-02,Monitor,2,334.03,668.05,West,Henry Davis,CUST4737
2024-12-11,Webcam,3,105.88,317.64,West,Charlie Brown,CUST7227
2024-07-25,Charger,3,27.54,82.63,South,Bob Smith,CUST2344
2024-10-27,Tablet,3,380.8,1142.4,South,Grace Lee,CUST6188
2024-12-13,Smartphone,1,501.96,501.96,East,Henry Davis,CUST6896
2024-10-28,Smartphone,1,511.8,588.57,South,Grace Lee,CUST8353
2025-03-24,Webcam,1,90.45,90.45,North,Alice Johnson,CUST2468
2024-12-10,Webcam,2,75.35,150.7,Central,Frank Wilson,CUST7311
2024-06-18,Monitor,1,289.66,289.66,North,Diana Prince,CUST9537
2024-09-06,Mouse,3,43.39,130.17,East,Eva Martinez,CUST5397
2025-02-19,Tablet,1,330.12,330.12,West,Eva Martinez,CUST7899
2024-11-12,Speaker,1,133.57,133.57,East,Eva Martinez,CUST5040
2025-04-28,Speaker,1,124.5,124.5,South,Henry Davis,CUST2752
2024-08-20,Monitor,3,240.81,722.44,West,Frank Wilson,CUST7224
2024-11-27,Speaker,2,112.07,224.13,Central,Charlie Brown,CUST5922
2024-11-23,Charger,1,35.37,35.37,South,Henry Davis,CUST6147
2024-09-10,Mouse,1,59.37,59.37,East,Henry Davis,CUST4971
2024-11-25,Mouse,2,45.61,91.21,West,Frank Wilson,CUST2865
2025-03-27,Headphones,1,155.53,155.53,Central,Charlie Brown,CUST1440
2025-02-03,Headphones,3,146.31,438.92,East,Bob Smith,CUST7703
2025-05-22,Speaker,2,102.68,205.36,East,Diana Prince,CUST5139
2025-05-15,Tablet,1,434.44,434.44,West,Bob Smith,CUST8357
2025-04-14,Speaker,1,123.95,123.95,Central,Grace Lee,CUST9907
2024-06-30,Keyboard,5,86.45,432.26,Central,Bob Smith,CUST2791
2024-10-17,Keyboard,1,69.32,69.32,Central,Alice Johnson,CUST7547
2024-11-28,Mouse,1,42.12,42.12,North,Eva Martinez,CUST4637
2025-02-28,Webcam,3,92.09,276.26,Central,Diana Prince,CUST8303
2024-12-20,Mouse,4,49.26,197.05,Central,Charlie Brown,CUST6651
2024-06-24,Speaker,5,101.02,505.09,West,Bob Smith,CUST2901
2024-08-23,Keyboard,3,73.98,221.94,West,Diana Prince,CUST9537
2025-02-14,Keyboard,1,79.24,79.24,West,Henry Davis,CUST6225
2024-07-16,Monitor,1,245.36,245.36,North,Alice Johnson,CUST6620
2025-05-09,Smartphone,3,642.51,1927.54,South,Diana Prince,CUST9454
2024-09-09,Webcam,2,77.76,155.53,Central,Grace Lee,CUST8570
2024-10-08,Mouse,1,52.6,52.6,South,Grace Lee,CUST7481
2024-06-26,Charger,4,34.6,138.39,West,Grace Lee,CUST7370
2024-06-14,Headphones,1,132.35,132.35,North,Bob Smith,CUST9796
2024-09-15,Keyboard,1,74.43,74.43,West,Bob Smith,CUST5298
2025-05-21,Speaker,1,121.33,121.33,East,Grace Lee,CUST7431
2025-04-08,Smartphone,1,563.5,563.5,West,Charlie Brown,CUST5873
2025-04-22,Charger,1,25.02,25.02,South,Frank Wilson,CUST2931
2024-10-12,Monitor,1,254.03,254.03,East,Charlie Brown,CUST9369
2024-12-27,Mouse,1,51.93,51.93,Central,Grace Lee,CUST7931
2024-09-15,Speaker,2,126.5,253.01,South,Charlie Brown,CUST9022
2024-11-06,Tablet,2,349.94,839.85,West,Alice Johnson,CUST6882
2024-06-16,Speaker,2,102.55,205.11,West,Henry Davis,CUST7703
2025-05-28,Speaker,4,115.95,463.8,West,Henry Davis,CUST3740
2024-07-24,Charger,1,24.37,24.37,South,Eva Martinez,CUST1535
2024-10-30,Headphones,1,152.26,152.26,South,Henry Davis,CUST9115
2025-03-20,Webcam,3,76.08,228.23,North,Eva Martinez,CUST9898
2024-12-16,Webcam,1,101.61,101.61,North,Henry Davis,CUST9951
2024-10-01,Mouse,4,42.05,168.19,South,Eva Martinez,CUST1528
2025-01-28,Monitor,1,281.83,281.83,North,Henry Davis,CUST2923
2024-10-11,Headphones,4,168.64,674.57,Central,Frank Wilson,CUST8015
2024-09-04,Charger,1,25.67,25.67,South,Diana Prince,CUST1972
2025-03-30,Keyboard,3,81.03,243.1,Central,Charlie Brown,CUST6302
2025-06-07,Monitor,2,274.72,549.44,East,Bob Smith,CUST3221
2025-01-08,Laptop,5,957.6,5745.57,South,Charlie Brown,CUST5090
2024-08-25,Keyboard,1,90.51,90.51,West,Henry Davis,CUST3329
2025-04-03,Monitor,2,315.34,630.68,West,Henry Davis,CUST2237
2025-05-02,Smartphone,4,576.68,2306.74,East,Frank Wilson,CUST8449
2025-02-16,Keyboard,2,82.62,165.25,North,Henry Davis,CUST6869
2024-07-14,Webcam,2,86.32,172.64,West,Diana Prince,CUST9105
2024-10-27,Keyboard,2,90.51,181.01,East,Charlie Brown,CUST8951
2024-12-04,Laptop,1,654.7,785.64,West,Alice Johnson,CUST3035
2024-08-31,Speaker,2,117.91,235.83,West,Diana Prince,CUST3161
2025-05-10,Monitor,2,259.08,518.15,East,Bob Smith,CUST6905
2024-10-18,Smartphone,4,569.24,2618.52,South,Alice Johnson,CUST7493
2025-04-28,Monitor,1,327.12,327.12,South,Grace Lee,CUST2494
2025-06-07,Smartphone,1,480.26,480.26,West,Bob Smith,CUST3174
2025-04-11,Headphones,4,151.17,604.67,West,Alice Johnson,CUST1132
2025-06-03,Keyboard,3,90.15,270.44,West,Charlie Brown,CUST8826
2024-07-18,Headphones,1,142.98,142.98,North,Bob Smith,CUST6133
2024-12-17,Monitor,2,256.46,512.91,South,Charlie Brown,CUST2120
2025-03-10,Charger,1,24.1,24.1,South,Henry Davis,CUST6753
2024-09-29,Tablet,1,467.18,467.18,Central,Henry Davis,CUST4559
2024-07-26,Smartphone,1,513.6,513.6,North,Grace Lee,CUST6759
2025-01-17,Keyboard,1,89.31,89.31,South,Eva Martinez,CUST2380
2024-10-17,Webcam,2,93.64,187.27,Central,Eva Martinez,CUST1439
2025-05-15,Monitor,1,264.65,264.65,Central,Diana Prince,CUST7418
2024-11-10,Laptop,5,890.82,5344.9,South,Henry Davis,CUST7322
2024-08-08,Headphones,5,149.97,749.87,Central,Bob Smith,CUST9655
2024-06-18,Keyboard,2,93.89,187.77,South,Grace Lee,CUST7895
2024-12-16,Webcam,2,96.59,193.17,West,Bob Smith,CUST1273
2025-04-08,Smartphone,1,483.31,483.31,South,Alice Johnson,CUST1990
2025-01-01,Webcam,3,82.31,246.94,Central,Grace Lee,CUST7939
2025-06-06,Mouse,2,41.65,83.3,Central,Charlie Brown,CUST5546
2024-07-24,Monitor,1,249.48,249.48,South,Charlie Brown,CUST9788
2024-11-26,Mouse,4,51.73,206.91,North,Eva Martinez,CUST8167
2024-10-12,Laptop,3,718.23,2154.7,West,Bob Smith,CUST8428
2025-04-21,Charger,4,24.66,98.64,South,Bob Smith,CUST1207
2025-06-09,Tablet,2,432.24,864.48,South,Henry Davis,CUST6680
2025-03-06,Webcam,2,100.19,200.38,East,Charlie Brown,CUST7092
2024-08-15,Monitor,1,327.95,327.95,North,Alice Johnson,CUST6488
2025-01-17,Monitor,4,302.86,1211.45,East,Bob Smith,CUST9128
2025-01-31,Webcam,3,84.96,254.89,West,Charlie Brown,CUST7024
2024-08-31,Monitor,1,332.8,332.8,Central,Bob Smith,CUST4742
2025-02-27,Laptop,1,654.09,654.09,North,Diana Prince,CUST1753
2025-02-08,Keyboard,1,76.26,76.26,South,Charlie Brown,CUST1579
2025-03-22,Mouse,3,44.49,133.47,South,Grace Lee,CUST6241
2024-10-28,Smartphone,5,617.17,3548.72,North,Alice Johnson,CUST3938
2024-10-04,Webcam,1,107.33,107.33,West,Bob Smith,CUST8620
2024-11-03,Monitor,2,279.28,558.55,Central,Henry Davis,CUST1130
2024-12-17,Headphones,1,137.5,137.5,East,Diana Prince,CUST8600
2024-12-17,Charger,4,35.66,142.65,South,Diana Prince,CUST3466
2024-06-15,Mouse,3,40.48,121.43,Central,Frank Wilson,CUST1157
2024-11-30,Laptop,3,882.86,3178.29,West,Eva Martinez,CUST2703
2024-09-25,Webcam,1,107.39,107.39,West,Henry Davis,CUST1981
2024-08-23,Monitor,1,251.16,251.16,South,Grace Lee,CUST7102
2025-02-01,Smartphone,1,619.38,619.38,Central,Charlie Brown,CUST7461
2024-07-20,Charger,1,30.81,30.81,West,Charlie Brown,CUST4879
2024-11-08,Monitor,3,342.11,1026.33,West,Frank Wilson,CUST6211
2025-01-29,Monitor,3,268.03,804.1,South,Charlie Brown,CUST2785
2024-08-30,Smartphone,5,519.45,2597.25,West,Frank Wilson,CUST7660
2024-08-12,Webcam,5,84.9,424.49,South,Henry Davis,CUST6051
2025-02-04,Monitor,2,342.3,684.6,North,Charlie Brown,CUST5984
2025-06-07,Charger,3,24.48,73.45,East,Charlie Brown,CUST2494
2025-06-11,Headphones,4,178.1,712.42,West,Alice Johnson,CUST5896
2024-10-23,Tablet,3,324.97,974.92,West,Henry Davis,CUST5093
2024-07-30,Speaker,1,100.89,100.89,South,Bob Smith,CUST1195
2024-07-13,Headphones,1,127.84,127.84,West,Frank Wilson,CUST2376
2025-04-06,Charger,1,27.11,27.11,North,Alice Johnson,CUST2056
2024-09-21,Speaker,4,134.85,539.39,North,Frank Wilson,CUST3007
2024-07-03,Speaker,2,98.43,196.86,Central,Grace Lee,CUST7471
2025-02-21,Laptop,1,762.47,762.47,West,Charlie Brown,CUST6799
2024-09-29,Tablet,2,364.0,727.99,West,Charlie Brown,CUST1567
2025-04-22,Charger,2,31.4,62.81,East,Henry Davis,CUST7750
2025-03-20,Speaker,1,98.93,98.93,East,Grace Lee,CUST3248
2025-01-12,Headphones,1,158.56,158.56,Central,Diana Prince,CUST9907
2024-06-21,Mouse,2,55.64,111.28,East,Henry Davis,CUST9921
2025-02-15,Keyboard,2,93.21,186.41,Central,Frank Wilson,CUST7363
2024-10-28,Tablet,3,324.17,972.51,Central,Diana Prince,CUST1480
2024-11-02,Laptop,2,898.77,2157.05,West,Frank Wilson,CUST4813
2024-09-01,Smartphone,3,539.49,1861.23,South,Eva Martinez,CUST9743
2024-07-10,Headphones,2,154.54,309.08,West,Frank Wilson,CUST3846
2024-09-10,Headphones,2,155.55,311.1,East,Alice Johnson,CUST6761
2025-03-29,Charger,3,25.71,77.12,South,Henry Davis,CUST9882
2024-11-17,Tablet,1,398.47,478.16,North,Alice Johnson,CUST4811
2025-04-16,Headphones,1,121.2,121.2,West,Alice Johnson,CUST6435
2025-04-22,Headphones,1,168.39,168.39,East,Charlie Brown,CUST6301
2024-07-12,Laptop,3,687.27,2061.8,South,Bob Smith,CUST9622
2024-12-15,Smartphone,2,569.66,1139.32,West,Bob Smith,CUST6514
2024-11-13,Keyboard,2,68.37,136.73,South,Grace Lee,CUST8982
2025-05-10,Keyboard,1,69.57,69.57,Central,Frank Wilson,CUST4657
2025-05-18,Charger,1,33.77,33.77,West,Eva Martinez,CUST5825
2024-08-16,Tablet,1,436.61,436.61,Central,Grace Lee,CUST1530
2024-09-13,Charger,1,27.82,27.82,Central,Diana Prince,CUST2705
2025-02-21,Tablet,2,372.99,745.97,North,Diana Prince,CUST6682
2024-11-22,Tablet,1,421.79,506.15,North,Frank Wilson,CUST8317
2024-06-17,Monitor,1,265.16,265.16,North,Frank Wilson,CUST5205
2024-08-06,Laptop,4,655.41,2621.63,West,Grace Lee,CUST3725
2025-01-09,Speaker,1,138.32,138.32,East,Grace Lee,CUST2661
2025-02-12,Charger,2,31.81,63.62,South,Charlie Brown,CUST8393
2024-07-19,Laptop,3,734.37,2203.11,East,Eva Martinez,CUST2715
2024-07-19,Keyboard,1,69.44,69.44,West,Charlie Brown,CUST2228
2025-03-19,Smartphone,2,561.11,1122.22,Central,Henry Davis,CUST1507
2025-01-18,Tablet,3,417.17,1501.81,West,Charlie Brown,CUST1877
2024-08-02,Keyboard,4,70.58,282.31,South,Grace Lee,CUST9849
2024-10-25,Monitor,1,275.69,275.69,North,Alice Johnson,CUST7437
2025-03-31,Webcam,4,102.23,408.94,South,Alice Johnson,CUST6911
2024-06-13,Mouse,1,41.75,41.75,Central,Henry Davis,CUST4271
2024-07-31,Laptop,1,706.22,706.22,East,Bob Smith,CUST8758
2024-08-10,Monitor,1,334.19,334.19,West,Henry Davis,CUST5341
2024-07-28,Webcam,5,85.95,429.75,East,Grace Lee,CUST7052
2024-09-15,Speaker,1,98.14,98.14,West,Henry Davis,CUST5315
2024-10-05,Monitor,1,307.71,307.71,South,Bob Smith,CUST2404
2025-05-20,Keyboard,2,89.86,179.72,West,Diana Prince,CUST1999
2024-12-27,Webcam,1,87.07,87.07,Central,Henry Davis,CUST4860
2025-02-10,Monitor,1,249.47,249.47,North,Charlie Brown,CUST2970
2025-01-27,Tablet,1,471.85,566.22,South,Diana Prince,CUST4157
2024-08-15,Laptop,1,775.48,775.48,West,Diana Prince,CUST3422
2025-04-12,Monitor,1,278.37,278.37,North,Bob Smith,CUST7358
2025-03-23,Mouse,1,51.04,51.04,East,Henry Davis,CUST1202
2025-06-05,Charger,2,31.05,62.1,West,Bob Smith,CUST7790
2024-08-27,Tablet,1,410.66,410.66,Central,Bob Smith,CUST2730
2025-03-27,Smartphone,1,668.58,668.58,Central,Frank Wilson,CUST7732
2024-10-25,Mouse,3,53.1,159.29,Central,Henry Davis,CUST1613
2024-09-08,Monitor,1,288.36,288.36,Central,Grace Lee,CUST1635
2024-12-31,Keyboard,2,86.1,172.19,North,Henry Davis,CUST5400
2024-12-19,Laptop,1,748.12,897.74,East,Eva Martinez,CUST5593
2025-02-18,Smartphone,1,713.4,713.4,South,Charlie Brown,CUST5923
2025-01-24,Keyboard,1,72.62,72.62,West,Bob Smith,CUST4079
2025-01-24,Headphones,1,174.81,174.81,West,Henry Davis,CUST9462
2024-12-20,Laptop,1,804.89,965.86,South,Bob Smith,CUST6097
2025-06-10,Webcam,1,86.52,86.52,Central,Alice Johnson,CUST3846
2024-09-18,Headphones,1,170.22,170.22,South,Alice Johnson,CUST8478
2024-07-07,Keyboard,1,86.55,86.55,East,Frank Wilson,CUST8605
2025-02-25,Mouse,1,52.71,52.71,North,Alice Johnson,CUST4963
2024-12-19,Speaker,1,124.51,124.51,South,Henry Davis,CUST6730
2024-12-05,Tablet,1,454.02,544.83,East,Bob Smith,CUST5670
2024-06-26,Mouse,2,40.99,81.99,Central,Diana Prince,CUST4626
2025-05-09,Headphones,2,160.66,321.32,East,Grace Lee,CUST9409
2024-06-22,Laptop,1,791.71,791.71,South,Charlie Brown,CUST1138
2024-10-04,Monitor,3,313.0,939.0,East,Eva Martinez,CUST7943
2024-12-21,Keyboard,2,78.69,157.38,South,Henry Davis,CUST5950
2025-05-24,Webcam,1,101.68,101.68,West,Bob Smith,CUST1120
2025-02-28,Keyboard,3,81.97,245.9,Central,Eva Martinez,CUST5890
2025-05-28,Smartphone,4,595.62,2382.47,East,Eva Martinez,CUST6327
2024-10-31,Monitor,1,318.73,318.73,East,Diana Prince,CUST3456
2025-03-03,Headphones,1,173.98,173.98,Central,Grace Lee,CUST6236
2025-05-26,Tablet,3,435.41,1306.22,West,Eva Martinez,CUST5250
2025-01-12,Mouse,2,47.77,95.53,North,Diana Prince,CUST6622
2025-06-12,Headphones,1,161.18,161.18,West,Frank Wilson,CUST9311
2024-11-12,Tablet,1,454.5,545.4,Central,Charlie Brown,CUST5813
2024-07-31,Speaker,1,102.14,102.14,East,Charlie Brown,CUST6499
2025-05-13,Smartphone,1,533.34,533.34,South,Eva Martinez,CUST7889
2024-11-28,Keyboard,2,72.34,144.68,East,Henry Davis,CUST2929
2025-02-07,Laptop,1,917.25,917.25,Central,Bob Smith,CUST8736
2024-09-19,Webcam,1,76.31,76.31,West,Eva Martinez,CUST7768
2024-07-09,Tablet,2,341.98,683.96,South,Frank Wilson,CUST7704
2025-03-30,Speaker,1,102.87,102.87,South,Bob Smith,CUST8988
2024-11-29,Tablet,1,370.15,444.18,North,Alice Johnson,CUST8406
2024-10-30,Headphones,2,165.67,331.34,South,Charlie Brown,CUST9021
2024-07-27,Tablet,3,418.32,1254.95,West,Grace Lee,CUST8029
2025-02-11,Mouse,2,40.09,80.19,Central,Diana Prince,CUST7112
2024-06-19,Keyboard,2,88.22,176.44,Central,Diana Prince,CUST1293
2025-05-24,Laptop,1,840.54,840.54,South,Diana Prince,CUST6641
2024-11-18,Tablet,1,336.43,403.72,Central,Eva Martinez,CUST3736
2024-07-15,Laptop,2,735.42,1470.85,East,Henry Davis,CUST9524
2025-04-13,Webcam,1,84.16,84.16,South,Frank Wilson,CUST9031
2024-12-12,Headphones,1,129.89,129.89,West,Alice Johnson,CUST4742
2024-10-04,Tablet,1,353.79,353.79,North,Charlie Brown,CUST3017
2024-12-16,Laptop,1,760.06,912.07,East,Alice Johnson,CUST1785
2025-05-16,Smartphone,1,636.86,636.86,North,Alice Johnson,CUST2897
2025-01-11,Speaker,1,114.25,114.25,Central,Eva Martinez,CUST8772
2025-06-06,Tablet,1,352.88,352.88,North,Eva Martinez,CUST7895
2025-05-16,Smartphone,1,639.0,639.0,East,Charlie Brown,CUST7862
2024-08-04,Webcam,3,97.88,293.63,North,Eva Martinez,CUST2867
2024-08-05,Speaker,2,105.54,211.07,South,Eva Martinez,CUST9571
2024-09-23,Keyboard,2,86.51,173.02,East,Charlie Brown,CUST1645
2025-03-19,Speaker,3,139.7,419.09,West,Frank Wilson,CUST4842
2024-06-13,Laptop,1,854.92,854.92,North,Henry Davis,CUST3443
2024-07-28,Webcam,1,74.7,74.7,North,Eva Martinez,CUST4787
2025-01-31,Monitor,2,271.7,543.39,North,Bob Smith,CUST3862
2024-07-02,Monitor,2,283.23,566.45,East,Grace Lee,CUST2898
2024-07-30,Laptop,2,643.1,1286.19,South,Charlie Brown,CUST6384
2024-12-12,Speaker,1,141.84,141.84,East,Bob Smith,CUST7105
2024-12-04,Tablet,1,338.21,405.86,West,Henry Davis,CUST5453
2024-12-26,Speaker,1,134.4,134.4,South,Bob Smith,CUST3171
2025-06-03,Laptop,1,954.1,954.1,South,Bob Smith,CUST7816
2025-04-10,Speaker,2,134.51,269.02,West,Charlie Brown,CUST7221
2024-12-12,Charger,2,24.35,48.69,South,Henry Davis,CUST8997
2024-08-08,Mouse,1,48.81,48.81,North,Eva Martinez,CUST6148
2024-06-18,Webcam,5,99.63,498.16,Central,Diana Prince,CUST6542
2025-03-04,Webcam,2,96.78,193.55,Central,Bob Smith,CUST8091
2025-05-16,Headphones,1,148.92,148.92,West,Charlie Brown,CUST1894
2024-06-17,Tablet,1,400.89,400.89,West,Henry Davis,CUST3709
2024-07-20,Speaker,1,111.39,111.39,East,Eva Martinez,CUST1824
2025-02-26,Headphones,1,153.03,153.03,West,Grace Lee,CUST4850
2024-07-22,Speaker,1,117.32,117.32,Central,Henry Davis,CUST2442
2025-02-22,Speaker,1,111.17,111.17,West,Alice Johnson,CUST2681
2025-01-04,Mouse,1,40.72,40.72,Central,Alice Johnson,CUST2489
2025-04-17,Charger,1,31.65,31.65,Central,Diana Prince,CUST8474
2024-12-03,Keyboard,3,90.41,271.23,South,Henry Davis,CUST6439
2025-03-25,Charger,1,31.2,31.2,East,Henry Davis,CUST2868
2024-07-31,Headphones,2,120.13,240.26,East,Eva Martinez,CUST9973
2025-03-06,Keyboard,1,86.47,86.47,North,Charlie Brown,CUST9067
2024-08-22,Mouse,5,42.14,210.7,Central,Diana Prince,CUST4072
2024-08-12,Mouse,1,44.31,44.31,South,Frank Wilson,CUST2765
2025-01-10,Laptop,1,936.52,1123.82,Central,Bob Smith,CUST8381
2025-02-01,Charger,4,35.47,141.9,South,Henry Davis,CUST1071
2025-03-10,Laptop,3,817.03,2451.1,West,Henry Davis,CUST9328
2024-09-10,Charger,3,26.08,78.25,South,Bob Smith,CUST7347
2025-05-14,Charger,1,31.27,31.27,East,Grace Lee,CUST7859
2025-04-19,Headphones,1,136.42,136.42,East,Eva Martinez,CUST8419
2024-08-19,Tablet,2,386.04,772.08,Central,Eva Martinez,CUST9975
2024-11-19,Webcam,4,94.77,379.09,South,Diana Prince,CUST5760
2025-05-29,Keyboard,2,93.48,186.96,South,Charlie Brown,CUST9255
2025-03-16,Keyboard,2,86.73,173.46,East,Henry Davis,CUST7839
2025-05-23,Webcam,1,82.29,82.29,West,Alice Johnson,CUST9564
2024-08-05,Laptop,3,761.88,2285.64,North,Alice Johnson,CUST4275
2024-10-26,Tablet,1,477.37,477.37,East,Charlie Brown,CUST2016
2025-05-31,Monitor,1,264.48,264.48,Central,Alice Johnson,CUST6876
2025-01-29,Smartphone,1,627.87,627.87,Central,Diana Prince,CUST7371
2024-10-11,Webcam,2,100.24,200.47,East,Alice Johnson,CUST7251
2024-12-27,Mouse,1,59.13,59.13,East,Alice Johnson,CUST1212
2024-10-18,Headphones,1,157.23,157.23,West,Diana Prince,CUST7025
2025-04-09,Webcam,2,98.58,197.17,South,Diana Prince,CUST5819
2025-01-27,Tablet,1,477.35,572.82,North,Charlie Brown,CUST3847
2025-03-02,Smartphone,2,570.53,1141.06,West,Eva Martinez,CUST5329
2024-08-17,Tablet,1,413.44,413.44,East,Alice Johnson,CUST6415
2025-02-05,Tablet,1,326.39,326.39,East,Alice Johnson,CUST5934
2025-02-18,Charger,2,30.6,61.2,North,Frank Wilson,CUST9608
2024-10-02,Tablet,1,403.3,403.3,Central,Charlie Brown,CUST7814
2025-03-17,Webcam,1,86.52,86.52,East,Diana Prince,CUST4495
2025-05-17,Keyboard,1,74.59,74.59,East,Diana Prince,CUST9691
2025-02-10,Webcam,1,101.65,101.65,North,Bob Smith,CUST6668
2025-01-26,Headphones,5,174.27,871.35,Central,Diana Prince,CUST1653
2025-05-27,Keyboard,1,76.2,76.2,North,Grace Lee,CUST5203
2025-03-15,Monitor,3,242.96,728.89,Central,Frank Wilson,CUST9426
2025-02-27,Speaker,1,119.37,119.37,East,Diana Prince,CUST6248
2025-03-02,Smartphone,2,707.57,1415.14,South,Alice Johnson,CUST2072
2024-09-27,Headphones,3,171.9,515.69,West,Bob Smith,CUST4368
2025-03-14,Mouse,2,52.93,105.86,North,Charlie Brown,CUST1389
2025-02-02,Keyboard,1,65.21,65.21,North,Alice Johnson,CUST3916
2024-10-18,Webcam,1,74.54,74.54,South,Eva Martinez,CUST7678
2024-12-27,Speaker,1,126.25,126.25,West,Frank Wilson,CUST1276
2024-12-28,Smartphone,4,608.36,2433.44,Central,Bob Smith,CUST1745
2025-06-05,Smartphone,3,565.85,1697.54,Central,Bob Smith,CUST5748
2025-05-29,Monitor,4,312.79,1251.15,East,Henry Davis,CUST7249
2024-12-31,Laptop,1,791.68,950.01,Central,Diana Prince,CUST3234
2024-12-29,Webcam,2,82.62,165.24,South,Eva Martinez,CUST7113
2024-06-17,Webcam,4,103.49,413.97,South,Bob Smith,CUST1684
2024-06-14,Charger,1,31.16,31.16,Central,Bob Smith,CUST5992
2024-09-27,Keyboard,1,70.78,70.78,Central,Charlie Brown,CUST3637
2024-09-14,Headphones,2,157.01,314.03,East,Diana Prince,CUST2877
2024-09-12,Charger,2,34.23,68.45,Central,Henry Davis,CUST2198
2024-11-07,Smartphone,3,540.17,1620.5,South,Henry Davis,CUST6420
2024-12-11,Tablet,1,427.41,512.89,South,Bob Smith,CUST5671
2025-04-25,Smartphone,3,696.03,2088.09,East,Henry Davis,CUST8383
2024-11-27,Charger,1,31.91,31.91,Central,Charlie Brown,CUST6971
2024-11-20,Mouse,1,43.37,43.37,East,Diana Prince,CUST4629
2025-06-11,Mouse,1,45.53,45.53,East,Charlie Brown,CUST6432
2025-02-12,Speaker,3,117.38,352.13,East,Henry Davis,CUST2783
2024-09-09,Charger,2,24.98,49.97,East,Charlie Brown,CUST9824
2024-09-20,Monitor,2,328.03,656.05,North,Bob Smith,CUST1305
2025-02-26,Laptop,1,900.05,900.05,Central,Grace Lee,CUST4485
2024-06-30,Webcam,3,81.38,244.15,Central,Henry Davis,CUST3435
2024-12-16,Mouse,1,44.47,44.47,Central,Eva Martinez,CUST3193
2025-02-04,Webcam,3,90.37,271.12,West,Frank Wilson,CUST9227
2024-06-17,Headphones,1,170.88,170.88,Central,Charlie Brown,CUST9423
2024-08-22,Speaker,1,103.64,103.64,Central,Charlie Brown,CUST8921
2024-12-12,Laptop,1,710.02,852.03,West,Diana Prince,CUST2029
2024-10-25,Keyboard,1,71.49,71.49,South,Frank Wilson,CUST7358
2025-02-07,Speaker,2,138.31,276.63,North,Frank Wilson,CUST2691
2025-06-07,Webcam,2,94.81,189.62,East,Eva Martinez,CUST9918
2025-03-30,Tablet,1,380.27,380.27,West,Frank Wilson,CUST2275
2025-03-03,Monitor,3,285.16,855.48,South,Grace Lee,CUST6781
2024-12-05,Speaker,1,134.05,134.05,Central,Alice Johnson,CUST9222
2024-08-22,Speaker,2,103.95,207.9,North,Eva Martinez,CUST4465
2024-08-27,Tablet,4,345.18,1380.71,Central,Bob Smith,CUST4773
2025-01-10,Keyboard,2,87.05,174.1,West,Henry Davis,CUST8848
2024-09-27,Charger,1,25.93,25.93,West,Alice Johnson,CUST4992
2024-07-04,Tablet,4,411.76,1647.03,South,Charlie Brown,CUST9399
2024-07-02,Charger,2,25.76,51.52,South,Eva Martinez,CUST3949
2025-03-03,Mouse,1,51.99,51.99,Central,Alice Johnson,CUST5644
2024-07-25,Headphones,1,146.95,146.95,West,Henry Davis,CUST3794
2024-10-02,Mouse,3,52.02,156.05,Central,Charlie Brown,CUST9369
2024-10-25,Tablet,2,435.87,871.74,East,Henry Davis,CUST2127
2024-10-07,Mouse,2,47.71,95.42,North,Alice Johnson,CUST4315
2025-03-06,Webcam,3,96.64,289.91,South,Bob Smith,CUST3906
2025-02-10,Charger,3,31.2,93.59,Central,Bob Smith,CUST2526
2025-02-13,Tablet,1,464.32,464.32,Central,Alice Johnson,CUST8069
2025-03-06,Mouse,1,47.41,47.41,North,Grace Lee,CUST4759
2025-02-13,Mouse,1,47.01,47.01,Central,Bob Smith,CUST7971
2024-08-19,Monitor,2,297.26,594.51,South,Bob Smith,CUST5641
2025-04-14,Webcam,1,86.71,86.71,South,Alice Johnson,CUST1116
2025-04-03,Webcam,2,76.24,152.48,North,Grace Lee,CUST4365
2025-05-30,Keyboard,3,77.08,231.25,North,Charlie Brown,CUST7980
2025-05-11,Charger,3,27.04,81.13,Central,Grace Lee,CUST6990
2025-04-21,Monitor,1,359.02,359.02,West,Diana Prince,CUST7770
2025-03-21,Webcam,3,89.37,268.11,East,Henry Davis,CUST5157
2024-11-16,Charger,1,28.13,28.13,West,Charlie Brown,CUST2951
2024-10-07,Speaker,3,133.59,400.77,South,Bob Smith,CUST4513
2025-02-27,Mouse,1,55.72,55.72,Central,Alice Johnson,CUST3633
2024-12-28,Laptop,1,897.4,1076.88,South,Henry Davis,CUST8133
2024-07-27,Smartphone,3,543.14,1629.43,East,Bob Smith,CUST1618
2024-12-25,Mouse,1,52.28,52.28,Central,Eva Martinez,CUST1941
2024-09-09,Speaker,1,117.07,117.07,South,Eva Martinez,CUST4190
2024-06-29,Charger,2,30.13,60.25,South,Charlie Brown,CUST1590
2024-12-13,Headphones,2,159.3,318.6,South,Bob Smith,CUST5520
2025-01-02,Keyboard,2,85.43,170.86,West,Diana Prince,CUST9482
2024-06-19,Smartphone,2,700.6,1401.21,Central,Eva Martinez,CUST6703
2024-12-06,Monitor,2,267.16,534.31,South,Henry Davis,CUST7618
2025-04-02,Laptop,1,723.55,723.55,West,Bob Smith,CUST2185
2025-02-24,Monitor,1,280.8,280.8,North,Eva Martinez,CUST9813
2025-04-02,Monitor,1,323.3,323.3,West,Henry Davis,CUST4985
2024-12-02,Speaker,4,128.72,514.87,Central,Alice Johnson,CUST8896
2024-08-10,Monitor,2,248.11,496.21,South,Diana Prince,CUST6172
2025-01-09,Keyboard,1,80.53,80.53,North,Eva Martinez,CUST5067
2024-11-06,Smartphone,1,575.74,575.74,East,Bob Smith,CUST3924
2025-02-10,Keyboard,4,75.31,301.25,Central,Eva Martinez,CUST3994
2025-05-27,Headphones,1,149.94,149.94,South,Diana Prince,CUST4965
2024-10-25,Headphones,2,133.75,267.5,South,Frank Wilson,CUST3555
2024-08-05,Smartphone,2,700.85,1401.69,West,Alice Johnson,CUST9871
2024-07-03,Speaker,2,113.82,227.63,East,Henry Davis,CUST5501
2025-02-18,Tablet,1,477.5,477.5,Central,Eva Martinez,CUST7518
2024-10-03,Charger,3,25.54,76.62,Central,Grace Lee,CUST8836
2025-03-15,Laptop,4,800.79,3203.17,West,Charlie Brown,CUST8490
2024-08-12,Webcam,2,88.56,177.13,North,Alice Johnson,CUST4452
2024-12-23,Charger,2,25.21,50.42,East,Eva Martinez,CUST4066
2025-03-19,Monitor,4,268.46,1073.83,West,Frank Wilson,CUST6995
2024-09-14,Speaker,2,116.35,232.7,West,Frank Wilson,CUST6981
2025-01-03,Monitor,1,294.09,294.09,Central,Charlie Brown,CUST4744
2024-08-02,Monitor,2,336.49,672.98,Central,Grace Lee,CUST7240
2024-09-20,Tablet,2,448.01,896.01,South,Henry Davis,CUST1159
2024-09-10,Mouse,1,49.99,49.99,Central,Frank Wilson,CUST8972
2024-11-12,Monitor,2,307.46,614.91,Central,Alice Johnson,CUST7527
2024-08-01,Tablet,4,329.61,1318.42,East,Henry Davis,CUST2577
2025-01-28,Keyboard,4,72.31,289.25,East,Eva Martinez,CUST6638
2024-06-22,Mouse,1,42.42,42.42,Central,Diana Prince,CUST9821
2024-09-09,Monitor,1,282.61,282.61,Central,Henry Davis,CUST8322
2024-07-22,Mouse,5,52.27,261.37,West,Charlie Brown,CUST3745
2025-05-05,Keyboard,3,77.5,232.49,Central,Grace Lee,CUST2168
2024-07-22,Tablet,1,374.98,374.98,East,Frank Wilson,CUST5773
2025-06-10,Monitor,4,312.65,1250.58,West,Eva Martinez,CUST8289
2024-12-14,Charger,3,30.25,90.75,West,Grace Lee,CUST3741
2024-09-14,Laptop,2,680.01,1360.03,South,Eva Martinez,CUST2311
2024-09-27,Tablet,2,383.53,767.05,North,Bob Smith,CUST8752
2025-03-19,Laptop,1,648.44,648.44,West,Bob Smith,CUST2702
2024-10-24,Charger,1,25.86,25.86,West,Eva Martinez,CUST4757
2024-10-16,Monitor,1,293.18,293.18,South,Charlie Brown,CUST9630
2024-09-07,Laptop,3,651.25,1953.75,East,Frank Wilson,CUST8801
2025-02-06,Webcam,1,105.65,105.65,Central,Henry Davis,CUST3213
2025-06-04,Webcam,1,78.37,78.37,Central,Henry Davis,CUST8126
2025-03-07,Webcam,1,83.15,83.15,East,Henry Davis,CUST9841
2024-10-06,Smartphone,2,586.05,1347.91,East,Grace Lee,CUST5256
2024-08-30,Monitor,4,241.27,965.07,Central,Charlie Brown,CUST6634
2024-11-05,Speaker,1,121.68,121.68,West,Henry Davis,CUST5908
2024-06-16,Mouse,1,55.96,55.96,Central,Diana Prince,CUST1118
2025-03-19,Keyboard,2,70.03,140.07,Central,Grace Lee,CUST7467
2024-10-17,Tablet,1,434.39,434.39,West,Grace Lee,CUST4614
2024-10-24,Smartphone,1,581.34,668.54,South,Eva Martinez,CUST5664
2025-05-10,Webcam,1,101.12,101.12,West,Diana Prince,CUST2121
2024-09-13,Tablet,1,366.34,366.34,West,Henry Davis,CUST5458
2025-06-05,Charger,1,29.9,29.9,East,Alice Johnson,CUST3492
2024-07-07,Webcam,1,72.8,72.8,North,Eva Martinez,CUST5410
2024-08-15,Speaker,1,130.9,130.9,South,Bob Smith,CUST3468
2024-06-19,Speaker,4,106.43,425.7,West,Eva Martinez,CUST9165
2024-12-19,Speaker,1,129.45,129.45,North,Frank Wilson,CUST2314
2024-08-25,Laptop,2,725.28,1450.56,West,Bob Smith,CUST9899
2025-02-07,Tablet,2,350.75,701.5,East,Grace Lee,CUST1206
2024-08-13,Headphones,1,143.09,143.09,West,Diana Prince,CUST1549
2024-09-21,Speaker,2,131.3,262.59,North,Diana Prince,CUST8746
2024-12-28,Monitor,1,352.35,352.35,South,Alice Johnson,CUST9534
2024-08-13,Monitor,4,297.75,1190.99,East,Diana Prince,CUST6905
2024-07-08,Headphones,1,178.4,178.4,South,Grace Lee,CUST6316
2024-06-19,Tablet,1,447.1,447.1,Central,Bob Smith,CUST7484
2024-10-14,Laptop,1,950.03,950.03,Central,Henry Davis,CUST3539
2024-12-19,Smartphone,5,539.69,2698.47,West,Bob Smith,CUST6544
2025-04-28,Laptop,2,659.13,1318.26,South,Bob Smith,CUST3061
2025-02-16,Headphones,2,139.0,278.01,Central,Frank Wilson,CUST8187
2024-09-18,Laptop,1,860.56,860.56,East,Charlie Brown,CUST5107
2024-07-02,Speaker,2,129.92,259.84,Central,Eva Martinez,CUST9892
2025-06-03,Speaker,1,105.11,105.11,South,Frank Wilson,CUST6303
2025-02-06,Monitor,3,344.12,1032.36,Central,Charlie Brown,CUST2128
2025-03-10,Tablet,1,391.9,391.9,East,Frank Wilson,CUST8439
2024-06-12,Webcam,1,85.65,85.65,South,Alice Johnson,CUST6965
2025-04-25,Headphones,1,139.24,139.24,North,Grace Lee,CUST4110
2025-03-07,Speaker,1,132.76,132.76,South,Eva Martinez,CUST6285
2025-01-07,Keyboard,2,67.53,135.07,Central,Bob Smith,CUST1717
2024-08-17,Tablet,1,459.76,459.76,South,Bob Smith,CUST8952
2024-09-18,Smartphone,3,487.64,1682.34,West,Henry Davis,CUST9615
2025-04-27,Charger,1,27.07,27.07,East,Diana Prince,CUST2161
2024-06-18,Headphones,2,159.34,318.69,North,Henry Davis,CUST1994
2024-12-13,Webcam,1,98.77,98.77,West,Frank Wilson,CUST1955
2025-04-23,Monitor,1,303.48,303.48,North,Eva Martinez,CUST2276
2024-09-30,Webcam,2,75.5,150.99,South,Grace Lee,CUST4104
2024-09-18,Webcam,1,95.65,95.65,Central,Charlie Brown,CUST7802
2024-08-05,Charger,1,28.3,28.3,West,Grace Lee,CUST2705
2024-09-05,Tablet,3,407.99,1223.98,Central,Frank Wilson,CUST3591
2025-03-12,Charger,4,29.32,117.26,East,Frank Wilson,CUST6319
2024-12-19,Mouse,1,55.28,55.28,West,Frank Wilson,CUST4943
2025-03-27,Webcam,1,79.7,79.7,Central,Eva Martinez,CUST6898
2025-01-29,Speaker,2,142.07,284.14,North,Alice Johnson,CUST5660
2025-04-13,Laptop,1,805.63,805.63,East,Alice Johnson,CUST5920
2024-10-03,Headphones,1,171.34,171.34,North,Eva Martinez,CUST9376
2025-03-23,Charger,1,35.11,35.11,South,Bob Smith,CUST1618
2025-02-02,Keyboard,2,69.0,137.99,East,Frank Wilson,CUST5093
2024-10-09,Monitor,2,337.33,674.66,North,Grace Lee,CUST4562
2024-07-21,Keyboard,1,89.37,89.37,South,Henry Davis,CUST2562
2025-04-12,Monitor,1,244.48,244.48,Central,Grace Lee,CUST2285
2024-07-10,Keyboard,1,75.13,75.13,West,Grace Lee,CUST2974
2024-10-06,Charger,2,35.14,70.29,West,Alice Johnson,CUST5993
2025-03-07,Laptop,1,742.18,742.18,Central,Charlie Brown,CUST6354
2025-02-24,Headphones,1,129.19,129.19,West,Henry Davis,CUST9269
2024-07-28,Headphones,3,145.92,437.75,West,Charlie Brown,CUST3165
2024-12-01,Smartphone,1,594.21,594.21,North,Grace Lee,CUST5301
2024-07-25,Mouse,2,50.04,100.07,South,Charlie Brown,CUST8879
2025-03-25,Headphones,1,149.27,149.27,Central,Diana Prince,CUST9589
2024-10-16,Headphones,1,124.3,124.3,West,Frank Wilson,CUST2467
2024-08-08,Mouse,1,48.47,48.47,East,Diana Prince,CUST6254
2024-12-05,Charger,2,31.86,63.73,East,Charlie Brown,CUST6729
2025-04-23,Speaker,3,125.91,377.74,West,Alice Johnson,CUST4825
2024-09-22,Keyboard,3,68.99,206.98,North,Bob Smith,CUST1893
2024-10-14,Charger,1,35.12,35.12,East,Alice Johnson,CUST6624
2025-06-02,Smartphone,2,553.23,1106.46,West,Alice Johnson,CUST6437
2024-09-27,Webcam,1,79.63,79.63,Central,Eva Martinez,CUST9991
2025-02-14,Charger,1,32.76,32.76,South,Alice Johnson,CUST7170
2025-04-06,Webcam,3,73.57,220.7,South,Alice Johnson,CUST5653
2024-09-22,Charger,1,27.26,27.26,West,Alice Johnson,CUST2091
2024-12-27,Monitor,1,319.56,319.56,East,Bob Smith,CUST1312
2024-11-08,Mouse,1,44.62,44.62,West,Bob Smith,CUST6168
2025-02-15,Charger,1,30.38,30.38,South,Diana Prince,CUST9202
2025-02-01,Webcam,1,105.35,105.35,North,Alice Johnson,CUST5053
2025-03-10,Monitor,2,280.03,560.06,West,Charlie Brown,CUST1301
2024-12-06,Keyboard,1,75.37,75.37,East,Diana Prince,CUST9212
2024-10-31,Laptop,3,840.25,2520.76,West,Alice Johnson,CUST5590
2024-10-05,Tablet,3,374.69,1124.06,West,Charlie Brown,CUST2438
2024-12-24,Webcam,1,106.58,106.58,Central,Diana Prince,CUST7837
2024-10-13,Charger,1,25.83,25.83,East,Frank Wilson,CUST8359
2025-03-16,Tablet,1,353.08,353.08,South,Diana Prince,CUST3262
2024-11-17,Webcam,2,104.74,209.49,West,Charlie Brown,CUST3589
2024-11-21,Smartphone,1,613.76,613.76,North,Charlie Brown,CUST6203
2024-08-25,Laptop,2,884.94,1769.88,West,Grace Lee,CUST5970
2025-01-24,Monitor,1,258.23,258.23,South,Bob Smith,CUST3155
2024-09-14,Laptop,2,883.98,1767.97,Central,Eva Martinez,CUST4783
2025-04-13,Headphones,1,133.85,133.85,North,Frank Wilson,CUST2302
2025-05-30,Speaker,1,102.44,102.44,Central,Henry Davis,CUST7126
2024-09-14,Mouse,4,49.83,199.32,South,Charlie Brown,CUST4166
2024-10-05,Laptop,3,770.75,2312.25,North,Eva Martinez,CUST7767
2024-10-03,Headphones,1,165.47,165.47,North,Charlie Brown,CUST8197
2025-04-23,Speaker,3,129.02,387.05,West,Diana Prince,CUST8005
2025-01-05,Laptop,1,834.54,1001.45,West,Frank Wilson,CUST7457
2025-04-21,Charger,3,31.13,93.38,Central,Alice Johnson,CUST9530
2024-08-06,Speaker,3,117.93,353.79,North,Diana Prince,CUST9498
2025-03-14,Mouse,1,59.68,59.68,North,Grace Lee,CUST9456
2025-04-30,Laptop,1,700.75,700.75,West,Grace Lee,CUST5989
2024-11-05,Speaker,1,103.99,103.99,East,Alice Johnson,CUST9470
2024-08-23,Speaker,2,135.83,271.67,West,Bob Smith,CUST9202
2024-08-08,Tablet,2,444.6,889.19,Central,Charlie Brown,CUST7440
2025-01-09,Keyboard,1,78.43,78.43,South,Henry Davis,CUST4308
2025-01-30,Smartphone,1,540.02,540.02,South,Bob Smith,CUST2494
2024-08-09,Speaker,3,126.44,379.31,North,Grace Lee,CUST9383
2025-04-21,Tablet,5,380.59,1902.94,West,Alice Johnson,CUST3799
2024-11-30,Charger,2,34.46,68.91,South,Charlie Brown,CUST3369
2024-09-11,Laptop,1,774.27,774.27,East,Henry Davis,CUST5731
2025-04-28,Tablet,1,338.81,338.81,South,Diana Prince,CUST1057
2025-04-26,Monitor,1,241.46,241.46,West,Henry Davis,CUST9904
2024-06-14,Charger,4,34.59,138.37,South,Diana Prince,CUST8794
2025-01-30,Mouse,1,48.84,48.84,Central,Alice Johnson,CUST5009
2025-03-19,Monitor,2,314.37,628.74,Central,Diana Prince,CUST1801
2024-09-14,Tablet,1,328.81,328.81,East,Alice Johnson,CUST3381
2024-06-28,Charger,2,34.06,68.11,East,Frank Wilson,CUST2436
2024-07-07,Smartphone,2,580.07,1160.14,South,Charlie Brown,CUST5659
2025-04-20,Charger,3,30.87,92.6,Central,Charlie Brown,CUST8460
2025-04-04,Keyboard,1,93.81,93.81,North,Eva Martinez,CUST6289
2024-12-17,Mouse,1,56.41,56.41,West,Bob Smith,CUST5797
2025-02-08,Tablet,1,339.52,339.52,East,Frank Wilson,CUST9635
2025-01-09,Webcam,4,79.55,318.22,South,Alice Johnson,CUST2790
2025-03-31,Webcam,3,107.54,322.62,West,Eva Martinez,CUST7996
2025-04-19,Keyboard,2,72.31,144.62,Central,Frank Wilson,CUST3125
2025-04-22,Charger,2,29.96,59.91,West,Henry Davis,CUST3947
2025-04-20,Headphones,2,162.52,325.03,South,Alice Johnson,CUST2936
2024-06-24,Speaker,1,126.02,126.02,North,Diana Prince,CUST7793
2025-01-09,Laptop,4,746.81,3584.7,Central,Diana Prince,CUST1185
2025-05-05,Headphones,1,161.4,161.4,East,Bob Smith,CUST6042
2024-11-12,Webcam,1,91.8,91.8,North,Bob Smith,CUST6460
2024-12-03,Mouse,2,54.49,108.98,Central,Alice Johnson,CUST3877
2024-09-19,Keyboard,1,90.68,90.68,West,Henry Davis,CUST1582
2025-05-08,Tablet,1,397.04,397.04,West,Frank Wilson,CUST8577
2025-01-09,Laptop,2,907.23,2177.36,East,Frank Wilson,CUST9779
2024-06-21,Headphones,1,154.64,154.64,East,Frank Wilson,CUST2084
2024-08-27,Monitor,2,340.89,681.78,East,Grace Lee,CUST9753
2024-09-04,Charger,1,31.27,31.27,South,Bob Smith,CUST6050
2025-06-08,Keyboard,1,86.71,86.71,East,Grace Lee,CUST2422
2025-02-21,Headphones,1,142.3,142.3,East,Diana Prince,CUST9603
2024-11-13,Tablet,1,337.96,405.55,North,Diana Prince,CUST2517
2025-01-25,Webcam,2,72.9,145.8,West,Charlie Brown,CUST4116
2024-12-03,Speaker,1,131.16,131.16,Central,Eva Martinez,CUST6363
2024-08-24,Smartphone,2,677.31,1354.63,Central,Charlie Brown,CUST4361
2024-06-30,Speaker,1,114.6,114.6,Central,Bob Smith,CUST1067
2024-11-18,Laptop,2,859.86,2063.66,Central,Bob Smith,CUST6460
2025-02-06,Laptop,4,672.99,2691.97,East,Alice Johnson,CUST6114
2025-05-05,Headphones,2,139.25,278.51,South,Eva Martinez,CUST5532
2025-03-11,Keyboard,1,88.73,88.73,North,Eva Martinez,CUST3446
2024-08-31,Monitor,1,253.74,253.74,Central,Bob Smith,CUST4384
2025-03-16,Keyboard,1,81.58,81.58,East,Charlie Brown,CUST5641
2025-04-01,Headphones,2,130.28,260.55,East,Frank Wilson,CUST9856
2025-01-25,Laptop,1,681.62,817.95,West,Alice Johnson,CUST2735
2024-12-25,Laptop,1,667.56,801.07,West,Charlie Brown,CUST8304
2025-04-23,Keyboard,2,74.0,148.0,South,Bob Smith,CUST8629
2025-03-29,Tablet,1,334.87,334.87,West,Bob Smith,CUST8464
2024-11-17,Speaker,3,118.59,355.76,South,Charlie Brown,CUST5227
2024-12-15,Mouse,1,43.67,43.67,East,Frank Wilson,CUST8426
2025-02-16,Laptop,1,660.92,660.92,North,Frank Wilson,CUST8842
2025-02-03,Tablet,2,365.16,730.32,East,Charlie Brown,CUST9322
2024-08-03,Mouse,1,56.35,56.35,North,Frank Wilson,CUST2162
2024-11-13,Webcam,2,88.6,177.19,Central,Grace Lee,CUST4908
2025-04-25,Headphones,1,152.88,152.88,West,Grace Lee,CUST2082
2024-12-03,Headphones,1,168.83,168.83,Central,Grace Lee,CUST8132
2025-03-29,Keyboard,3,81.42,244.27,South,Charlie Brown,CUST2276
2025-06-11,Charger,3,34.04,102.12,North,Henry Davis,CUST6330
2025-03-23,Smartphone,2,677.29,1354.57,South,Eva Martinez,CUST7648
2024-07-17,Charger,1,25.3,25.3,Central,Grace Lee,CUST6364
2025-02-20,Laptop,2,668.97,1337.94,South,Alice Johnson,CUST3403
2025-05-16,Tablet,1,392.48,392.48,East,Grace Lee,CUST8326
2024-09-20,Headphones,1,160.89,160.89,East,Eva Martinez,CUST5989
2025-01-20,Keyboard,4,95.69,382.76,Central,Alice Johnson,CUST9362
2025-01-04,Tablet,1,456.4,547.68,North,Frank Wilson,CUST9992
2024-07-09,Laptop,4,865.07,3460.29,East,Bob Smith,CUST5623
2024-06-27,Headphones,1,145.9,145.9,Central,Grace Lee,CUST6212
